{
    "mean_mse": 0.0012404313310980797,
    "mean_psnr": 44.38969802856445,
    "mean_ssim": 0.9939501708929754,
    "mean_corr": 0.9920638203620911,
    "mse_quality": 99.87611389160156,
    "psnr_quality": 88.7793960571289,
    "ssim_quality": 99.39501708929754,
    "corr_quality": 99.20638275146484,
    "overall_quality": 96.2688244169504,
    "weights": {
        "mse": 0.2,
        "psnr": 0.3,
        "ssim": 0.3,
        "corr": 0.2
    }
}