{
    "mean_mse": 0.0019079889170825481,
    "mean_psnr": 42.677486419677734,
    "mean_ssim": 0.9927305754863205,
    "mean_corr": 0.9910727143287659,
    "overall_quality": 95.17177741778787
}