{
    "mean_mse": 0.0016619152156636119,
    "mean_psnr": 43.27156066894531,
    "mean_ssim": 0.993236433139017,
    "mean_corr": 0.991280198097229,
    "mse_quality": 99.8340835571289,
    "psnr_quality": 86.54312133789062,
    "ssim_quality": 99.3236433139017,
    "corr_quality": 99.12802124023438,
    "overall_quality": 95.55245455117735,
    "weights": {
        "mse": 0.2,
        "psnr": 0.3,
        "ssim": 0.3,
        "corr": 0.2
    }
}